"ana carolina","andreina","aris","edwin","frank","joel","josue","isabela","leidy","lissette","miguel","patricia","yolaine","bugsbunny"
"TAMBUPL","VENCER","CUTERVO","SANTIAGO","TARAPOTO","SACRAM","CHAMELA4","SANSEBAS","TAHUAMPA","ENCANTO","CUTERVO","LARAYA","LINHARES","INDIANA"
"SHIRINGA","JENAROHE","CANDAMO","YANAIGUA","YANAM2","MADIDI","BOSQUEDE","PERROMUE","SUCUSARI","PERSEVER","YANAMTAH","CUEVAS","BELEM","LAGENOA"
"HUMBOLDT","CUYAS","RIOTAVAR","CHAQUIMA","CABEZADE","RIOHEATH","TUXTLAS","MAQUIPUC","YANAM2","MADIDIRI","CABEZADE","TUTUNEND","CAMORIN","TAHUAMPA"
"CHIRINOS","YANAM2","JENAROHE","PERSEVER","COCHACAS","NUEVOMUN","CHAMELA3","HUAMANI","CABEZADE","NUEVOMUN","CHIRINOS","CARPANTA","CARAJAS","TARAPOTO"
"AMOTAPE","CHORROBL","YANAM1","CURUYUQR","INDIANA","QUIAPACA","MOTOZINT","CAPEIRA","ALLPAHUA","SANTACRU","ELPARGO","MANAURE","BORACEIA","AMOTAPE"
"MOTOZINT","SACRAM","BORACEIA","ANCHICAY","INCAHUAR","CAMORIN","TAMBO","INDIANA","SANTOTOM","CABEZADE","SANTOTOM","CAMPINAS","YANAM1","MADIDI"
"TUXTLAS","CALABATE","BELEM","TAYRONA","NUEVOMUN","CARLOSBO","CERROAYP","CUYAS","CAMPANO","RIOTAVAR","RIOMANSO","BELEM","CANDAMO","SACRAM"
"CHAMELA4","INCAHUAR","ALTERDOC","CEDRAL","CURUYUQR","ALTERDOC","INDIANA","AMOTAPE","FARALL","CUZCOAMA","COLORADO","CARLOSBO","MISHNFL","SANTIAGO"
"CHAMELA3","RIONEGRO","MANAUS","KENNEDY","CALABATE","DUCKE","MISHNFL","VENCER","TAYRONA","ELPARGO","FINCAZ","MANAUS","CUZCOAMA","PERSEVER"
"LASJOYAS","YANAIGUA","CAMORIN","SABANARU","ENCANTO","CAMPINAS","LAGENOA","ALLPAHUA","CARPANTA","HUMBOLDT","KENNEDY","LINHARES","MISHWS","ENCANTO"
"PUYEHUE","CERONEB2","PARQUEER","ROUNDSLO","MIRADOR","RIACHUEL","LLANO","CERONEB2","SALTA","CERROOLU","CERROOLU","ROUNDTOP","RANCHOQU","RIACHUEL"
"LUQUILLO","MADDEN","MIRADOR","RIACHUEL","OSASIREN","MOGOTE","MARTIN","PUYEHUE","MOGOTE","ROUNDSLO","CURUNDU","LASELVA","SALTA","MIRADOR"
"ROUNDTOP","UCHIRE","PIPELINE","ROUNDTOP","RIACHUEL","PARQUEER","MOGOTE","PIPELINE","ROUNDTOP","GUANUP","ROUNDSLO","CERONEB1","PUYEHUE","ROUNDTOP"
"CERROESP","CERROELP","MADDEN","SALTA","PUYEHUE","SALTA","LASELVA","BLOHMR","GUANUP","MIRADOR","GUANUP","BLOHMR","PIPELINE","MADDEN"
"CERONEB1","MOGOTE","LUQUILLO","PROVIDEN","RANCHOQU","MIRADOR","LUQUILLO","CURUNDU","LLANO","LASELVA","ROUNDTOP","PROVIDEN","MAGSASAY","SALTA"
"CERROOLU","LASELVA","MOGOTE","LUQUILLO","BLOHMR","MARTIN","RANCHOQU","MIRADOR","CERONEB2","CARARA","PIPELINE","UCHIRE","CARARA","PIPELINE"
"UCHIRE","CERONEB1","PUYEHUE","CERONEB2","PARQUEER","PUYEHUE","CARARA","CERONEB1","UCHIRE","PUYEHUE","MADDEN","ROUNDSLO","LASELVA","PARQUEER"
"PROVIDEN","CERROESP","CURUNDU","PARQUEER","UCHIRE","CERROOLU","OSASIREN","MADDEN","RIACHUEL","RANCHOQU","LUQUILLO","GUANUP","CURUNDU","MARTIN"
"BLOHMR","OSASIREN","MAGSASAY","MOGOTE","MOGOTE","PROVIDEN","PUYEHUE","CERROOLU","LASELVA","GUANGF","MAGSASAY","RANCHOQU","GUANUP","PUYEHUE"
"LLANO","GUANUP","GUANGF","BLOHMR","LUQUILLO","CERROELP","CURUNDU","LLANO","RANCHOQU","PROVIDEN","LASELVA","LUQUILLO","MIRADOR","MOGOTE"
